Conventions,G,BADC-CSV,1
title,G,uk-daily-temperature-obs
source,G,Met Office MIDAS database
creator,G,Met Office
activity,G,Met Office MIDAS Open: UK Land Surface Stations Data
feature_type,G,point series
collection_name,G,midas-open
collection_version_number,G,dataset-version-202407
history,G,Created 2024-07-24
last_revised_date,G,2024-07-24
observation_station,G,edinburgh-royal-botanic-garden-no-2
historic_county_name,G,midlothian-in-lothian-region
authority,G,Met Office
midas_station_id,G,00253
location,G,55.967,-3.212
height,G,28,m
date_valid,G,2010-01-01 00:00:00,2010-12-31 23:59:59
midas_qc_version_number,G,1
comments,G,The midas_qc_version_number indicates if the data are original received message (0) or current best version (1)
comments,G,This file contains station observations
comments,G,missing values are identified with the missing data flag
missing_value,G,NA
coordinate_variable,ob_end_time,t
long_name,ob_end_time,Date and time at end of observation,s
type,ob_end_time,char
comments,ob_end_time,Date and time (YYYY-MM-DD HH:MM:SS) at the end of the observation period
comments,ob_end_time,Use ob_end_time in conjunction with ob_hour_count to determine the period over which the observation relates.
comments,ob_end_time,Common periods include 12 hour observations ending at 0900 or 2100 or 24 hour observations ending at 0900.
long_name,id_type,identifier type,1
type,id_type,char
comments,id_type,a station may have more than one id assigned to it defined by id_type
long_name,id,station identifier,1
type,id,char
comments,id,a station may have more than one id assigned to it
long_name,ob_hour_count,observation hour count,hours
type,ob_hour_count,int
comments,ob_hour_count,number of hours the observation period spans
long_name,version_num,midas qc version number,1
type,version_num,int
comments,version_num,The midas_qc_version_number indicates if the data are original received message (0) or current best version (1)
long_name,met_domain_name,message type,1
type,met_domain_name,char
comments,met_domain_name,message type (see MIDAS documentation)
long_name,src_id,unique MIDAS source identifier,1
type,src_id,int
long_name,rec_st_ind,state indicator for the record,1
type,rec_st_ind,int
comments,rec_st_ind,state indicator for the current stage in the life of the record (see MIDAS documentation)
long_name,max_air_temp,maximum air temperature,degC
type,max_air_temp,float
comments,max_air_temp,maximum air temperature recorded during the observation period
long_name,min_air_temp,minimum air temperature,degC
type,min_air_temp,float
comments,min_air_temp,minimum air temperature recorded during the observation period
long_name,min_grss_temp,minimum grass temperature, degC
type,min_grss_temp,float
comments,min_grss_temp,minimum grass temperature recorded during the observation period
long_name,min_conc_temp,minimum concrete temperature, degC
type,min_conc_temp,float
comments,min_conc_temp,minimum concrete temperature recorded during the observation period
long_name,max_air_temp_q,maximum air temperature qc code,1
type,max_air_temp_q,int
comments,max_air_temp_q,maximum air temperature qc code (see MIDAS documentation)
long_name,min_air_temp_q,minimum air temperature qc code,1
type,min_air_temp_q,int
comments,min_air_temp_q,minimum air temperature qc code (see MIDAS documentation)
long_name,min_grss_temp_q,minimum grass temperature qc code,1
type,min_grss_temp_q,int
comments,min_grss_temp_q,minimum grass temperature qc code (see MIDAS documentation)
long_name,min_conc_temp_q,minimum concrete temperature qc code,1
type,min_conc_temp_q,int
comments,min_conc_temp_q,minimum concrete temperature qc code (see MIDAS documentation)
long_name,max_air_temp_j,maximum air temperature descriptor code,1
type,max_air_temp_j,int
comments,max_air_temp_j,maximum air temperature descriptor code (see MIDAS documentation)
long_name,min_air_temp_j,minimum air temperature descriptor code,1
type,min_air_temp_j,int
comments,min_air_temp_j,minimum air temperature descriptor code (see MIDAS documentation)
long_name,min_grss_temp_j,minimum grass temperature descriptor code,1
type,min_grss_temp_j,int
comments,min_grss_temp_j,minimum grass temperature descriptor code (see MIDAS documentation)
long_name,min_conc_temp_j,minimum concrete temperature descriptor code,1
type,min_conc_temp_j,int
comments,min_conc_temp_j,minimum concrete temperature descriptor code (see MIDAS documentation)
long_name,meto_stmp_time,Met Office receipt stamp time,s
type,meto_stmp_time,char
comments,meto_stmp_time,Met Office receipt stamp time as YYYY-MM-DD HH:MM:SS
long_name,midas_stmp_etime,elapsed time to storage in MIDAS,minutes
type,midas_stmp_etime,int
comments,midas_stmp_etime,elapsed time to storage in MIDAS in minutes
data
ob_end_time,id_type,id,ob_hour_count,version_num,met_domain_name,src_id,rec_st_ind,max_air_temp,min_air_temp,min_grss_temp,min_conc_temp,max_air_temp_q,min_air_temp_q,min_grss_temp_q,min_conc_temp_q,max_air_temp_j,min_air_temp_j,min_grss_temp_j,min_conc_temp_j,meto_stmp_time,midas_stmp_etime
2010-01-01 09:00:00,DCNN,1649,24,1,DLY3208,253,1011,2.3,-3.7,-4.5,NA,6,6,6,NA,NA,NA,NA,NA,2010-01-06 11:27:23,0.0
2010-01-02 09:00:00,DCNN,1649,24,1,DLY3208,253,1022,2.8,-1.8,-7.8,NA,6,2006,6,NA,NA,NA,NA,NA,2010-03-31 16:37:00,0.0
2010-01-03 09:00:00,DCNN,1649,24,1,DLY3208,253,1011,3.5,-5.1,-9.1,NA,6,6,6,NA,NA,NA,NA,NA,2010-01-06 11:37:49,0.0
2010-01-04 09:00:00,DCNN,1649,24,1,DLY3208,253,1011,-0.9,-5.8,-11.0,NA,6,6,6,NA,NA,NA,NA,NA,2010-01-06 11:40:22,0.0
2010-01-05 09:00:00,DCNN,1649,24,1,DLY3208,253,1011,1.6,-4.4,-11.4,NA,6,6,6,NA,NA,NA,NA,NA,2010-01-06 11:45:18,0.0
2010-01-06 09:00:00,DCNN,1649,24,1,DLY3208,253,1011,1.5,-4.7,-11.0,NA,6,6,6,NA,NA,NA,NA,NA,2010-01-06 11:53:20,0.0
2010-01-07 09:00:00,DCNN,1649,24,1,DLY3208,253,1011,1.6,-7.1,-13.0,NA,6,6,6,NA,NA,NA,NA,NA,2010-01-07 13:48:40,0.0
2010-01-08 09:00:00,DCNN,1649,24,1,DLY3208,253,1011,0.1,-7.6,-13.1,NA,6,6,6,NA,NA,NA,NA,NA,2010-01-11 14:01:34,0.0
2010-01-09 09:00:00,DCNN,1649,24,1,DLY3208,253,1011,-0.9,-7.5,-13.4,NA,6,6,6,NA,NA,NA,NA,NA,2010-01-11 14:06:56,0.0
2010-01-10 09:00:00,DCNN,1649,24,1,DLY3208,253,1011,4.4,-2.1,-6.5,NA,6,6,6,NA,NA,NA,NA,NA,2010-01-11 14:11:00,0.0
2010-01-11 09:00:00,DCNN,1649,24,1,DLY3208,253,1011,5.1,3.6,0.1,NA,6,6,6,NA,NA,NA,NA,NA,2010-01-11 14:13:01,0.0
2010-01-12 09:00:00,DCNN,1649,24,1,DLY3208,253,1011,4.1,2.6,0.3,NA,6,6,6,NA,NA,NA,NA,NA,2010-01-13 08:02:30,0.0
2010-01-13 09:00:00,DCNN,1649,24,1,DLY3208,253,1022,3.7,1.8,0.2,NA,6,2006,6,NA,NA,NA,NA,NA,2010-01-15 10:38:00,0.0
2010-01-14 09:00:00,DCNN,1649,24,1,DLY3208,253,1011,2.9,0.4,-0.1,NA,6,6,6,NA,NA,NA,NA,NA,2010-01-14 11:35:17,0.0
2010-01-15 09:00:00,DCNN,1649,24,1,DLY3208,253,1011,3.9,0.3,-4.6,NA,6,6,6,NA,NA,NA,NA,NA,2010-01-21 11:40:23,0.0
2010-01-16 09:00:00,DCNN,1649,24,1,DLY3208,253,1011,8.0,3.5,0.5,NA,6,6,6,NA,NA,NA,NA,NA,2010-01-21 11:47:26,0.0
2010-01-17 09:00:00,DCNN,1649,24,1,DLY3208,253,1011,7.5,3.1,-1.5,NA,6,6,6,NA,NA,NA,NA,NA,2010-01-21 11:50:58,0.0
2010-01-18 09:00:00,DCNN,1649,24,1,DLY3208,253,1011,8.3,3.3,-0.6,NA,6,6,6,NA,NA,NA,NA,NA,2010-01-21 11:55:26,0.0
2010-01-19 09:00:00,DCNN,1649,24,1,DLY3208,253,1011,9.0,-2.8,-7.9,NA,6,6,6,NA,NA,NA,NA,NA,2010-01-21 13:02:21,0.0
2010-01-20 09:00:00,DCNN,1649,24,1,DLY3208,253,1022,4.5,-2.5,0.4,NA,6,2006,2006,NA,NA,NA,NA,NA,2010-03-31 16:37:00,0.0
2010-01-21 09:00:00,DCNN,1649,24,1,DLY3208,253,1011,3.9,2.4,0.2,NA,6,6,6,NA,NA,NA,NA,NA,2010-01-21 13:07:05,0.0
2010-01-22 09:00:00,DCNN,1649,24,1,DLY3208,253,1011,6.0,3.4,0.3,NA,6,6,6,NA,NA,NA,NA,NA,2010-01-22 13:11:01,0.0
2010-01-23 09:00:00,DCNN,1649,24,1,DLY3208,253,1011,6.5,1.6,-3.4,NA,6,6,6,NA,NA,NA,NA,NA,2010-02-01 11:46:22,0.0
2010-01-24 09:00:00,DCNN,1649,24,1,DLY3208,253,1011,4.5,1.4,0.1,NA,6,6,6,NA,NA,NA,NA,NA,2010-02-01 11:57:12,0.0
2010-01-25 09:00:00,DCNN,1649,24,1,DLY3208,253,1011,4.9,2.8,1.1,NA,6,6,6,NA,NA,NA,NA,NA,2010-02-01 13:11:58,0.0
2010-01-26 09:00:00,DCNN,1649,24,1,DLY3208,253,1011,3.7,1.2,-2.0,NA,6,6,6,NA,NA,NA,NA,NA,2010-02-01 13:15:57,0.0
2010-01-27 09:00:00,DCNN,1649,24,1,DLY3208,253,1022,9.1,3.2,2.4,NA,6,2006,6,NA,NA,NA,NA,NA,2010-02-02 08:18:00,0.0
2010-01-28 09:00:00,DCNN,1649,24,1,DLY3208,253,1011,11.5,2.5,0.4,NA,6,6,6,NA,NA,NA,NA,NA,2010-02-01 13:20:58,0.0
2010-01-29 09:00:00,DCNN,1649,24,1,DLY3208,253,1022,6.9,1.1,-2.2,NA,6,2006,6,NA,NA,NA,NA,NA,2010-02-02 08:18:00,0.0
2010-01-30 09:00:00,DCNN,1649,24,1,DLY3208,253,1011,3.0,-1.5,-5.5,NA,6,6,6,NA,NA,NA,NA,NA,2010-02-01 13:28:26,0.0
2010-01-31 09:00:00,DCNN,1649,24,1,DLY3208,253,1011,4.1,-2.1,-6.8,NA,6,6,6,NA,NA,NA,NA,NA,2010-02-01 13:31:12,0.0
2010-02-01 09:00:00,DCNN,1649,24,1,DLY3208,253,1011,5.5,-1.8,-5.9,NA,6,6,6,NA,NA,NA,NA,NA,2010-02-01 13:34:27,0.0
2010-02-02 09:00:00,DCNN,1649,24,1,DLY3208,253,1022,5.5,-1.0,-3.4,NA,6,2006,6,NA,NA,NA,NA,NA,2010-04-12 15:19:00,0.0
2010-02-03 09:00:00,DCNN,1649,24,1,DLY3208,253,1022,3.5,-4.8,NA,NA,6,6,NA,NA,NA,NA,NA,NA,2010-04-12 15:19:00,0.0
2010-02-04 09:00:00,DCNN,1649,24,1,DLY3208,253,1022,3.6,-4.4,-5.0,NA,6,2006,6,NA,NA,NA,NA,NA,2010-02-16 09:49:00,0.0
2010-02-05 09:00:00,DCNN,1649,24,1,DLY3208,253,1011,8.4,1.0,-2.7,NA,6,6,6,NA,NA,NA,NA,NA,2010-02-15 09:54:59,0.0
2010-02-06 09:00:00,DCNN,1649,24,1,DLY3208,253,1011,7.0,4.2,2.9,NA,6,6,6,NA,NA,NA,NA,NA,2010-02-15 09:56:42,0.0
2010-02-07 09:00:00,DCNN,1649,24,1,DLY3208,253,1011,6.0,4.4,3.8,NA,6,6,6,NA,NA,NA,NA,NA,2010-02-15 11:28:49,0.0
2010-02-08 09:00:00,DCNN,1649,24,1,DLY3208,253,1011,5.8,2.4,0.5,NA,6,6,6,NA,NA,NA,NA,NA,2010-02-15 11:30:52,0.0
2010-02-09 09:00:00,DCNN,1649,24,1,DLY3208,253,1011,4.6,1.9,-2.1,NA,6,6,6,NA,NA,NA,NA,NA,2010-02-15 11:33:04,0.0
2010-02-10 09:00:00,DCNN,1649,24,1,DLY3208,253,1011,5.7,-1.4,-5.4,NA,6,6,6,NA,NA,NA,NA,NA,2010-02-15 11:34:53,0.0
2010-02-11 09:00:00,DCNN,1649,24,1,DLY3208,253,1011,5.5,-3.8,-6.2,NA,6,6,6,NA,NA,NA,NA,NA,2010-02-15 11:36:40,0.0
2010-02-12 09:00:00,DCNN,1649,24,1,DLY3208,253,1011,5.6,-1.1,-4.5,NA,6,6,6,NA,NA,NA,NA,NA,2010-02-15 11:38:45,0.0
2010-02-13 09:00:00,DCNN,1649,24,1,DLY3208,253,1011,7.0,-0.9,-4.0,NA,6,6,6,NA,NA,NA,NA,NA,2010-02-15 11:40:33,0.0
2010-02-14 09:00:00,DCNN,1649,24,1,DLY3208,253,1011,6.1,0.0,-3.5,NA,6,6,6,NA,NA,NA,NA,NA,2010-02-15 11:42:01,0.0
2010-02-15 09:00:00,DCNN,1649,24,1,DLY3208,253,1022,7.2,3.1,-0.4,NA,6,2006,6,NA,NA,NA,NA,NA,2010-04-12 15:19:00,0.0
2010-02-16 09:00:00,DCNN,1649,24,1,DLY3208,253,1011,7.6,-2.6,-5.5,NA,6,6,6,NA,NA,NA,NA,NA,2010-02-22 10:39:42,0.0
2010-02-17 09:00:00,DCNN,1649,24,1,DLY3208,253,1011,2.8,-4.4,-6.1,NA,6,6,6,NA,NA,NA,NA,NA,2010-02-22 10:43:33,0.0
2010-02-18 09:00:00,DCNN,1649,24,1,DLY3208,253,1022,3.1,-2.4,-3.4,NA,6,2006,6,NA,NA,NA,NA,NA,2010-04-12 15:19:00,0.0
2010-02-19 09:00:00,DCNN,1649,24,1,DLY3208,253,1011,3.8,-3.2,-6.0,NA,6,6,6,NA,NA,NA,NA,NA,2010-02-22 10:55:49,0.0
2010-02-20 09:00:00,DCNN,1649,24,1,DLY3208,253,1011,4.4,-3.7,-7.6,NA,6,6,6,NA,NA,NA,NA,NA,2010-02-22 11:00:39,0.0
2010-02-21 09:00:00,DCNN,1649,24,1,DLY3208,253,1011,5.0,-5.6,-10.5,NA,6,6,6,NA,NA,NA,NA,NA,2010-02-22 11:05:47,0.0
2010-02-22 09:00:00,DCNN,1649,24,1,DLY3208,253,1011,4.1,-2.7,-7.5,NA,6,6,6,NA,NA,NA,NA,NA,2010-02-22 11:09:41,0.0
2010-02-23 09:00:00,DCNN,1649,24,1,DLY3208,253,1011,4.1,-6.6,-8.0,NA,6,6,6,NA,NA,NA,NA,NA,2010-03-02 08:01:40,0.0
2010-02-24 09:00:00,DCNN,1649,24,1,DLY3208,253,1011,3.6,-3.6,-5.3,NA,6,6,6,NA,NA,NA,NA,NA,2010-03-02 08:05:42,0.0
2010-02-25 09:00:00,DCNN,1649,24,1,DLY3208,253,1011,3.9,0.6,-0.1,NA,6,6,6,NA,NA,NA,NA,NA,2010-03-03 08:24:02,0.0
2010-02-26 09:00:00,DCNN,1649,24,1,DLY3208,253,1011,5.3,3.2,2.0,NA,6,6,6,NA,NA,NA,NA,NA,2010-03-03 08:24:02,0.0
2010-02-27 09:00:00,DCNN,1649,24,1,DLY3208,253,1011,4.6,1.0,0.0,NA,6,6,6,NA,NA,NA,NA,NA,2010-03-03 08:24:02,0.0
2010-02-28 09:00:00,DCNN,1649,24,1,DLY3208,253,1011,5.0,1.6,-0.7,NA,6,6,6,NA,NA,NA,NA,NA,2010-03-03 08:24:02,0.0
2010-03-01 09:00:00,DCNN,1649,24,1,DLY3208,253,1011,4.5,-3.6,-7.5,NA,6,6,6,NA,NA,NA,NA,NA,2010-03-03 08:24:02,0.0
2010-03-02 09:00:00,DCNN,1649,24,1,DLY3208,253,1011,7.1,-4.0,-6.3,NA,6,6,6,NA,NA,NA,NA,NA,2010-03-03 09:57:23,0.0
2010-03-03 09:00:00,DCNN,1649,24,1,DLY3208,253,1011,7.4,-3.9,-6.6,NA,6,6,6,NA,NA,NA,NA,NA,2010-03-03 09:59:04,0.0
2010-03-04 09:00:00,DCNN,1649,24,1,DLY3208,253,1011,5.4,-2.7,-4.2,NA,6,6,6,NA,NA,NA,NA,NA,2010-03-08 11:05:59,0.0
2010-03-05 09:00:00,DCNN,1649,24,1,DLY3208,253,1011,6.8,-1.2,-3.9,NA,6,6,6,NA,NA,NA,NA,NA,2010-03-08 11:08:53,0.0
2010-03-06 09:00:00,DCNN,1649,24,1,DLY3208,253,1011,8.4,1.6,-1.5,NA,6,6,6,NA,NA,NA,NA,NA,2010-03-08 11:11:00,0.0
2010-03-07 09:00:00,DCNN,1649,24,1,DLY3208,253,1011,10.0,3.2,0.8,NA,6,6,6,NA,NA,NA,NA,NA,2010-03-08 11:13:10,0.0
2010-03-08 09:00:00,DCNN,1649,24,1,DLY3208,253,1011,8.8,-1.1,-4.1,NA,6,6,6,NA,NA,NA,NA,NA,2010-03-08 11:15:10,0.0
2010-03-09 09:00:00,DCNN,1649,24,1,DLY3208,253,1011,5.6,2.6,1.2,NA,6,6,6,NA,NA,NA,NA,NA,2010-03-17 10:50:45,0.0
2010-03-10 09:00:00,DCNN,1649,24,1,DLY3208,253,1011,8.8,-3.5,-5.2,NA,6,6,6,NA,NA,NA,NA,NA,2010-03-17 10:53:08,0.0
2010-03-11 09:00:00,DCNN,1649,24,1,DLY3208,253,1011,8.6,-0.7,-4.4,NA,6,6,6,NA,NA,NA,NA,NA,2010-03-17 10:55:39,0.0
2010-03-12 09:00:00,DCNN,1649,24,1,DLY3208,253,1011,9.7,2.0,-1.4,NA,6,6,6,NA,NA,NA,NA,NA,2010-03-17 11:09:20,0.0
2010-03-13 09:00:00,DCNN,1649,24,1,DLY3208,253,1011,10.0,0.0,-3.5,NA,6,6,6,NA,NA,NA,NA,NA,2010-03-17 11:11:54,0.0
2010-03-14 09:00:00,DCNN,1649,24,1,DLY3208,253,1011,12.0,4.6,2.1,NA,6,6,6,NA,NA,NA,NA,NA,2010-03-17 11:27:15,0.0
2010-03-15 09:00:00,DCNN,1649,24,1,DLY3208,253,1011,13.5,7.1,5.0,NA,6,6,6,NA,NA,NA,NA,NA,2010-03-17 11:30:39,0.0
2010-03-16 09:00:00,DCNN,1649,24,1,DLY3208,253,1011,11.5,2.1,-2.3,NA,6,6,6,NA,NA,NA,NA,NA,2010-03-17 11:36:05,0.0
2010-03-17 09:00:00,DCNN,1649,24,1,DLY3208,253,1011,10.5,3.1,-0.6,NA,6,6,6,NA,NA,NA,NA,NA,2010-03-17 11:37:49,0.0
2010-03-18 09:00:00,DCNN,1649,24,1,DLY3208,253,1011,15.0,8.2,5.6,NA,6,6,6,NA,NA,NA,NA,NA,2010-03-18 11:28:52,0.0
2010-03-19 09:00:00,DCNN,1649,24,1,DLY3208,253,1011,12.8,7.8,5.1,NA,6,6,6,NA,NA,NA,NA,NA,2010-03-22 14:42:00,0.0
2010-03-20 09:00:00,DCNN,1649,24,1,DLY3208,253,1011,12.8,4.9,1.7,NA,6,6,6,NA,NA,NA,NA,NA,2010-03-22 14:45:30,0.0
2010-03-21 09:00:00,DCNN,1649,24,1,DLY3208,253,1011,12.2,0.9,-4.5,NA,6,6,6,NA,NA,NA,NA,NA,2010-03-22 14:47:31,0.0
2010-03-22 09:00:00,DCNN,1649,24,1,DLY3208,253,1011,12.2,5.1,-1.7,NA,6,6,6,NA,NA,NA,NA,NA,2010-03-22 14:49:22,0.0
2010-03-23 09:00:00,DCNN,1649,24,1,DLY3208,253,1011,11.9,2.3,-2.8,NA,6,6,6,NA,NA,NA,NA,NA,2010-03-24 11:04:50,0.0
2010-03-24 09:00:00,DCNN,1649,24,1,DLY3208,253,1011,11.5,5.6,1.6,NA,6,6,6,NA,NA,NA,NA,NA,2010-03-24 11:14:04,0.0
2010-03-25 09:00:00,DCNN,1649,24,1,DLY3208,253,1011,12.7,2.3,-2.5,NA,6,6,6,NA,NA,NA,NA,NA,2010-03-25 10:54:37,0.0
2010-03-26 09:00:00,DCNN,1649,24,1,DLY3208,253,1011,7.0,5.8,4.9,NA,6,6,6,NA,NA,NA,NA,NA,2010-03-26 11:02:00,0.0
2010-03-27 09:00:00,DCNN,1649,24,1,DLY3208,253,1011,8.9,4.4,0.2,NA,6,6,6,NA,NA,NA,NA,NA,2010-03-29 13:16:28,0.0
2010-03-28 09:00:00,DCNN,1649,24,1,DLY3208,253,1011,11.4,5.4,2.1,NA,6,6,6,NA,NA,NA,NA,NA,2010-03-29 13:19:01,0.0
2010-03-29 09:00:00,DCNN,1649,24,1,DLY3208,253,1011,11.0,2.4,2.6,NA,6,6,6,NA,NA,NA,NA,NA,2010-03-29 13:22:38,0.0
2010-03-30 09:00:00,DCNN,1649,24,1,DLY3208,253,1011,5.1,2.7,2.4,NA,6,6,6,NA,NA,NA,NA,NA,2010-04-06 12:09:27,0.0
2010-03-31 09:00:00,DCNN,1649,24,1,DLY3208,253,1011,3.6,0.6,0.0,NA,6,6,6,NA,NA,NA,NA,NA,2010-04-06 12:12:36,0.0
2010-04-01 09:00:00,DCNN,1649,24,1,DLY3208,253,1011,5.9,1.8,-1.2,NA,6,6,6,NA,NA,NA,NA,NA,2010-04-06 12:21:28,0.0
2010-04-02 09:00:00,DCNN,1649,24,1,DLY3208,253,1011,9.4,-3.0,-5.5,NA,6,6,6,NA,NA,NA,NA,NA,2010-04-06 12:23:08,0.0
2010-04-03 09:00:00,DCNN,1649,24,1,DLY3208,253,1011,9.5,5.0,4.6,NA,6,6,6,NA,NA,NA,NA,NA,2010-04-06 12:26:24,0.0
2010-04-04 09:00:00,DCNN,1649,24,1,DLY3208,253,1011,10.6,4.0,1.5,NA,6,6,6,NA,NA,NA,NA,NA,2010-04-06 12:29:59,0.0
2010-04-05 09:00:00,DCNN,1649,24,1,DLY3208,253,1011,9.8,3.0,-1.2,NA,6,6,6,NA,NA,NA,NA,NA,2010-04-06 12:38:37,0.0
2010-04-06 09:00:00,DCNN,1649,24,1,DLY3208,253,1011,13.0,9.3,6.9,NA,6,6,6,NA,NA,NA,NA,NA,2010-04-06 13:06:37,0.0
2010-04-07 09:00:00,DCNN,1649,24,1,DLY3208,253,1011,11.6,2.9,-1.1,NA,6,6,6,NA,NA,NA,NA,NA,2010-04-13 12:52:45,0.0
2010-04-08 09:00:00,DCNN,1649,24,1,DLY3208,253,1011,13.1,5.8,0.6,NA,6,6,6,NA,NA,NA,NA,NA,2010-04-13 12:54:57,0.0
2010-04-09 09:00:00,DCNN,1649,24,1,DLY3208,253,1011,12.9,4.2,0.0,NA,6,6,6,NA,NA,NA,NA,NA,2010-04-13 12:57:09,0.0
2010-04-10 09:00:00,DCNN,1649,24,1,DLY3208,253,1011,14.4,2.1,-1.3,NA,6,6,6,NA,NA,NA,NA,NA,2010-04-13 13:24:08,0.0
2010-04-11 09:00:00,DCNN,1649,24,1,DLY3208,253,1011,17.6,2.5,-2.4,NA,6,6,6,NA,NA,NA,NA,NA,2010-04-13 13:04:26,0.0
2010-04-12 09:00:00,DCNN,1649,24,1,DLY3208,253,1011,13.7,3.7,-1.0,NA,6,6,6,NA,NA,NA,NA,NA,2010-04-13 13:16:55,0.0
2010-04-13 09:00:00,DCNN,1649,24,1,DLY3208,253,1011,14.7,6.8,0.6,NA,6,6,6,NA,NA,NA,NA,NA,2010-04-13 13:21:06,0.0
2010-04-14 09:00:00,DCNN,1649,24,1,DLY3208,253,1011,11.6,6.3,3.2,NA,6,6,6,NA,NA,NA,NA,NA,2010-04-14 09:34:43,0.0
2010-04-15 09:00:00,DCNN,1649,24,1,DLY3208,253,1011,9.9,3.4,-2.7,NA,6,6,6,NA,NA,NA,NA,NA,2010-04-15 09:31:23,0.0
2010-04-16 09:00:00,DCNN,1649,24,1,DLY3208,253,1011,14.3,1.2,-5.9,NA,6,6,6,NA,NA,NA,NA,NA,2010-04-21 09:54:31,0.0
2010-04-17 09:00:00,DCNN,1649,24,1,DLY3208,253,1011,16.5,5.9,1.7,NA,6,6,6,NA,NA,NA,NA,NA,2010-04-21 10:00:13,0.0
2010-04-18 09:00:00,DCNN,1649,24,1,DLY3208,253,1011,13.1,3.7,-1.3,NA,6,6,6,NA,NA,NA,NA,NA,2010-04-21 10:06:55,0.0
2010-04-19 09:00:00,DCNN,1649,24,1,DLY3208,253,1011,7.7,3.0,-2.1,NA,6,6,6,NA,NA,NA,NA,NA,2010-04-28 07:59:47,0.0
2010-04-20 09:00:00,DCNN,1649,24,1,DLY3208,253,1011,11.1,4.1,0.0,NA,6,6,6,NA,NA,NA,NA,NA,2010-04-28 08:02:10,0.0
2010-04-21 09:00:00,DCNN,1649,24,1,DLY3208,253,1011,10.4,0.1,-5.2,NA,6,6,6,NA,NA,NA,NA,NA,2010-04-28 08:05:31,0.0
2010-04-22 09:00:00,DCNN,1649,24,1,DLY3208,253,1011,12.9,1.2,-4.2,NA,6,6,6,NA,NA,NA,NA,NA,2010-04-28 08:07:26,0.0
2010-04-23 09:00:00,DCNN,1649,24,1,DLY3208,253,1011,12.4,7.0,4.3,NA,6,6,6,NA,NA,NA,NA,NA,2010-04-28 08:09:51,0.0
2010-04-24 09:00:00,DCNN,1649,24,1,DLY3208,253,1011,10.5,6.0,3.6,NA,6,6,6,NA,NA,NA,NA,NA,2010-04-28 10:12:56,0.0
2010-04-25 09:00:00,DCNN,1649,24,1,DLY3208,253,1011,13.0,7.0,3.6,NA,6,6,6,NA,NA,NA,NA,NA,2010-04-28 10:16:01,0.0
2010-04-26 09:00:00,DCNN,1649,24,1,DLY3208,253,1011,17.0,8.4,6.7,NA,6,6,6,NA,NA,NA,NA,NA,2010-04-28 10:17:49,0.0
2010-04-27 09:00:00,DCNN,1649,24,1,DLY3208,253,1011,15.9,7.0,0.5,NA,6,6,6,NA,NA,NA,NA,NA,2010-04-28 10:19:38,0.0
2010-04-28 09:00:00,DCNN,1649,24,1,DLY3208,253,1011,17.3,10.7,9.2,NA,6,6,6,NA,NA,NA,NA,NA,2010-04-28 10:21:28,0.0
2010-04-29 09:00:00,DCNN,1649,24,1,DLY3208,253,1011,17.4,11.4,9.2,NA,6,6,6,NA,NA,NA,NA,NA,2010-04-30 09:22:12,0.0
2010-04-30 09:00:00,DCNN,1649,24,1,DLY3208,253,1011,15.6,7.3,3.6,NA,6,6,6,NA,NA,NA,NA,NA,2010-05-04 10:53:13,0.0
2010-05-01 09:00:00,DCNN,1649,24,1,DLY3208,253,1011,15.1,7.0,3.0,NA,6,6,6,NA,NA,NA,NA,NA,2010-05-05 12:46:30,0.0
2010-05-02 09:00:00,DCNN,1649,24,1,DLY3208,253,1011,9.6,5.4,3.9,NA,6,6,6,NA,NA,NA,NA,NA,2010-05-05 12:51:12,0.0
2010-05-03 09:00:00,DCNN,1649,24,1,DLY3208,253,1011,9.1,-0.6,-4.1,NA,6,6,6,NA,NA,NA,NA,NA,2010-05-05 12:54:16,0.0
2010-05-04 09:00:00,DCNN,1649,24,1,DLY3208,253,1011,11.3,2.6,-1.8,NA,6,6,6,NA,NA,NA,NA,NA,2010-05-05 12:56:25,0.0
2010-05-05 09:00:00,DCNN,1649,24,1,DLY3208,253,1011,14.5,9.3,7.5,NA,6,6,6,NA,NA,NA,NA,NA,2010-05-05 12:58:35,0.0
2010-05-06 09:00:00,DCNN,1649,24,1,DLY3208,253,1011,15.3,8.3,8.6,NA,6,6,6,NA,NA,NA,NA,NA,2010-05-13 09:46:33,0.0
2010-05-07 09:00:00,DCNN,1649,24,1,DLY3208,253,1011,11.9,6.4,3.6,NA,6,6,6,NA,NA,NA,NA,NA,2010-05-14 07:25:31,0.0
2010-05-08 09:00:00,DCNN,1649,24,1,DLY3208,253,1011,11.0,1.5,-2.5,NA,6,6,6,NA,NA,NA,NA,NA,2010-05-14 07:29:43,0.0
2010-05-09 09:00:00,DCNN,1649,24,1,DLY3208,253,1011,10.7,3.0,-1.0,NA,6,6,6,NA,NA,NA,NA,NA,2010-05-14 07:31:49,0.0
2010-05-10 09:00:00,DCNN,1649,24,1,DLY3208,253,1011,13.9,4.8,2.0,NA,6,6,6,NA,NA,NA,NA,NA,2010-05-14 07:34:32,0.0
2010-05-11 09:00:00,DCNN,1649,24,1,DLY3208,253,1011,10.5,0.5,-3.7,NA,6,6,6,NA,NA,NA,NA,NA,2010-05-14 07:36:54,0.0
2010-05-12 09:00:00,DCNN,1649,24,1,DLY3208,253,1011,10.3,2.0,-0.4,NA,6,6,6,NA,NA,NA,NA,NA,2010-05-14 07:39:11,0.0
2010-05-13 09:00:00,DCNN,1649,24,1,DLY3208,253,1011,11.4,1.8,-1.8,NA,6,6,6,NA,NA,NA,NA,NA,2010-05-14 07:45:14,0.0
2010-05-14 09:00:00,DCNN,1649,24,1,DLY3208,253,1011,13.0,6.1,5.2,NA,6,6,6,NA,NA,NA,NA,NA,2010-05-20 10:05:33,0.0
2010-05-15 09:00:00,DCNN,1649,24,1,DLY3208,253,1011,14.3,4.8,0.0,NA,6,6,6,NA,NA,NA,NA,NA,2010-05-20 10:08:24,0.0
2010-05-16 09:00:00,DCNN,1649,24,1,DLY3208,253,1011,14.8,7.6,5.2,NA,6,6,6,NA,NA,NA,NA,NA,2010-05-20 10:10:59,0.0
2010-05-17 09:00:00,DCNN,1649,24,1,DLY3208,253,1011,15.6,7.3,3.9,NA,6,6,6,NA,NA,NA,NA,NA,2010-05-20 10:15:39,0.0
2010-05-18 09:00:00,DCNN,1649,24,1,DLY3208,253,1011,16.9,4.9,1.0,NA,6,6,6,NA,NA,NA,NA,NA,2010-05-20 10:18:16,0.0
2010-05-19 09:00:00,DCNN,1649,24,1,DLY3208,253,1011,18.7,8.4,4.4,NA,6,6,6,NA,NA,NA,NA,NA,2010-05-20 10:20:23,0.0
2010-05-20 09:00:00,DCNN,1649,24,1,DLY3208,253,1011,17.9,11.2,6.6,NA,6,6,6,NA,NA,NA,NA,NA,2010-05-20 10:22:09,0.0
2010-05-21 09:00:00,DCNN,1649,24,1,DLY3208,253,1011,21.5,11.3,7.7,NA,6,6,6,NA,NA,NA,NA,NA,2010-05-21 10:41:02,0.0
2010-05-22 09:00:00,DCNN,1649,24,1,DLY3208,253,1011,22.2,12.1,8.4,NA,6,6,6,NA,NA,NA,NA,NA,2010-05-24 13:30:44,0.0
2010-05-23 09:00:00,DCNN,1649,24,1,DLY3208,253,1011,25.5,11.0,8.0,NA,6,6,6,NA,NA,NA,NA,NA,2010-05-24 13:32:53,0.0
2010-05-24 09:00:00,DCNN,1649,24,1,DLY3208,253,1011,24.0,11.1,7.8,NA,6,6,6,NA,NA,NA,NA,NA,2010-05-24 13:37:12,0.0
2010-05-25 09:00:00,DCNN,1649,24,1,DLY3208,253,1011,17.4,7.9,7.6,NA,6,6,6,NA,NA,NA,NA,NA,2010-06-04 10:35:40,0.0
2010-05-26 09:00:00,DCNN,1649,24,1,DLY3208,253,1011,14.3,6.6,2.4,NA,6,6,6,NA,NA,NA,NA,NA,2010-06-04 10:38:38,0.0
2010-05-27 09:00:00,DCNN,1649,24,1,DLY3208,253,1011,13.7,5.5,0.8,NA,6,6,6,NA,NA,NA,NA,NA,2010-06-04 10:40:47,0.0
2010-05-28 09:00:00,DCNN,1649,24,1,DLY3208,253,1022,13.7,2.3,NA,NA,6,6,NA,NA,NA,NA,NA,NA,2010-07-09 13:34:00,0.0
2010-05-29 09:00:00,DCNN,1649,24,1,DLY3208,253,1011,14.9,5.7,0.4,NA,6,6,6,NA,NA,NA,NA,NA,2010-06-04 10:44:55,0.0
2010-05-30 09:00:00,DCNN,1649,24,1,DLY3208,253,1022,15.7,6.7,NA,NA,6,6,NA,NA,NA,NA,NA,NA,2010-07-27 13:33:00,0.0
2010-05-31 09:00:00,DCNN,1649,24,1,DLY3208,253,1011,14.3,3.3,-2.3,NA,6,6,6,NA,NA,NA,NA,NA,2010-06-04 10:49:26,0.0
2010-06-01 09:00:00,DCNN,1649,24,1,DLY3208,253,1011,14.8,11.3,8.2,NA,6,6,6,NA,NA,NA,NA,NA,2010-06-04 10:51:29,0.0
2010-06-02 09:00:00,DCNN,1649,24,1,DLY3208,253,1011,16.5,9.8,3.8,NA,6,6,6,NA,NA,NA,NA,NA,2010-06-04 10:53:25,0.0
2010-06-03 09:00:00,DCNN,1649,24,1,DLY3208,253,1011,19.7,7.0,1.5,NA,6,6,6,NA,NA,NA,NA,NA,2010-06-07 10:16:09,0.0
2010-06-04 09:00:00,DCNN,1649,24,1,DLY3208,253,1011,20.3,11.2,9.6,NA,6,6,6,NA,NA,NA,NA,NA,2010-06-07 10:22:31,0.0
2010-06-05 09:00:00,DCNN,1649,24,1,DLY3208,253,1011,17.4,9.0,5.4,NA,6,6,6,NA,NA,NA,NA,NA,2010-06-07 10:24:27,0.0
2010-06-06 09:00:00,DCNN,1649,24,1,DLY3208,253,1011,23.2,11.9,10.9,NA,6,6,6,NA,NA,NA,NA,NA,2010-06-07 10:29:43,0.0
2010-06-07 09:00:00,DCNN,1649,24,1,DLY3208,253,1011,12.9,11.5,11.7,NA,6,6,6,NA,NA,NA,NA,NA,2010-06-07 10:29:14,0.0
2010-06-08 09:00:00,DCNN,1649,24,1,DLY3208,253,1011,13.7,11.5,12.0,NA,6,6,6,NA,NA,NA,NA,NA,2010-06-09 10:06:02,0.0
2010-06-09 09:00:00,DCNN,1649,24,1,DLY3208,253,1011,12.9,10.2,10.4,NA,6,6,6,NA,NA,NA,NA,NA,2010-06-09 10:08:26,0.0
2010-06-10 09:00:00,DCNN,1649,24,1,DLY3208,253,1011,13.7,10.6,9.6,NA,6,6,6,NA,NA,NA,NA,NA,2010-06-10 09:12:28,0.0
2010-06-11 09:00:00,DCNN,1649,24,1,DLY3208,253,1011,14.3,7.0,5.3,NA,6,6,6,NA,NA,NA,NA,NA,2010-06-11 09:06:57,0.0
2010-06-12 09:00:00,DCNN,1649,24,1,DLY3208,253,1011,18.9,8.6,4.1,NA,6,6,6,NA,NA,NA,NA,NA,2010-06-14 09:17:51,0.0
2010-06-13 09:00:00,DCNN,1649,24,1,DLY3208,253,1011,18.1,10.1,9.6,NA,6,6,6,NA,NA,NA,NA,NA,2010-06-14 09:21:19,0.0
2010-06-14 09:00:00,DCNN,1649,24,1,DLY3208,253,1011,15.5,10.2,8.8,NA,6,6,6,NA,NA,NA,NA,NA,2010-06-14 09:23:17,0.0
2010-06-15 09:00:00,DCNN,1649,24,1,DLY3208,253,1011,15.5,5.9,2.1,NA,6,6,6,NA,NA,NA,NA,NA,2010-06-15 10:11:09,0.0
2010-06-16 09:00:00,DCNN,1649,24,1,DLY3208,253,1011,19.6,13.2,9.6,NA,6,6,6,NA,NA,NA,NA,NA,2010-06-16 08:59:30,0.0
2010-06-17 09:00:00,DCNN,1649,24,1,DLY3208,253,1011,21.4,14.5,13.6,NA,6,6,6,NA,NA,NA,NA,NA,2010-06-17 08:58:41,0.0
2010-06-18 09:00:00,DCNN,1649,24,1,DLY3208,253,1011,23.7,13.3,12.5,NA,6,6,6,NA,NA,NA,NA,NA,2010-06-18 09:12:50,0.0
2010-06-19 09:00:00,DCNN,1649,24,1,DLY3208,253,1011,17.0,8.7,4.2,NA,6,6,6,NA,NA,NA,NA,NA,2010-06-22 07:28:52,0.0
2010-06-20 09:00:00,DCNN,1649,24,1,DLY3208,253,1011,16.9,5.5,0.6,NA,6,6,6,NA,NA,NA,NA,NA,2010-06-22 07:30:34,0.0
2010-06-21 09:00:00,DCNN,1649,24,1,DLY3208,253,1011,22.8,8.9,4.4,NA,6,6,6,NA,NA,NA,NA,NA,2010-06-22 07:32:12,0.0
2010-06-22 09:00:00,DCNN,1649,24,1,DLY3208,253,1011,22.0,9.9,4.9,NA,6,6,6,NA,NA,NA,NA,NA,2010-06-23 09:20:55,0.0
2010-06-23 09:00:00,DCNN,1649,24,1,DLY3208,253,1011,24.4,12.1,8.2,NA,6,6,6,NA,NA,NA,NA,NA,2010-06-23 09:22:37,0.0
2010-06-24 09:00:00,DCNN,1649,24,1,DLY3208,253,1011,20.9,11.9,9.3,NA,6,6,6,NA,NA,NA,NA,NA,2010-06-28 10:29:33,0.0
2010-06-25 09:00:00,DCNN,1649,24,1,DLY3208,253,1011,19.4,11.4,7.5,NA,6,6,6,NA,NA,NA,NA,NA,2010-06-28 10:32:33,0.0
2010-06-26 09:00:00,DCNN,1649,24,1,DLY3208,253,1011,21.4,12.9,9.9,NA,6,6,6,NA,NA,NA,NA,NA,2010-06-28 10:34:25,0.0
2010-06-27 09:00:00,DCNN,1649,24,1,DLY3208,253,1011,22.2,13.2,9.2,NA,6,6,6,NA,NA,NA,NA,NA,2010-06-28 10:37:04,0.0
2010-06-28 09:00:00,DCNN,1649,24,1,DLY3208,253,1011,22.6,14.2,9.6,NA,6,6,6,NA,NA,NA,NA,NA,2010-06-28 10:39:37,0.0
2010-06-29 09:00:00,DCNN,1649,24,1,DLY3208,253,1011,20.7,14.2,13.5,NA,6,6,6,NA,NA,NA,NA,NA,2010-06-29 12:31:47,0.0
2010-06-30 09:00:00,DCNN,1649,24,1,DLY3208,253,1011,22.4,12.1,8.7,NA,6,6,6,NA,NA,NA,NA,NA,2010-06-30 09:17:57,0.0
2010-07-01 09:00:00,DCNN,1649,24,1,DLY3208,253,1011,22.2,14.5,12.9,NA,6,6,6,NA,NA,NA,NA,NA,2010-07-01 10:11:23,0.0
2010-07-02 09:00:00,DCNN,1649,24,1,DLY3208,253,1011,22.4,13.4,12.1,NA,6,6,6,NA,NA,NA,NA,NA,2010-07-05 10:06:33,0.0
2010-07-03 09:00:00,DCNN,1649,24,1,DLY3208,253,1011,21.8,13.2,9.0,NA,6,6,6,NA,NA,NA,NA,NA,2010-07-05 10:16:35,0.0
2010-07-04 09:00:00,DCNN,1649,24,1,DLY3208,253,1011,20.1,14.6,12.5,NA,6,6,6,NA,NA,NA,NA,NA,2010-07-05 10:19:57,0.0
2010-07-05 09:00:00,DCNN,1649,24,1,DLY3208,253,1011,20.3,11.7,9.2,NA,6,6,6,NA,NA,NA,NA,NA,2010-07-05 10:22:23,0.0
2010-07-06 09:00:00,DCNN,1649,24,1,DLY3208,253,1011,17.9,10.9,7.1,NA,6,6,6,NA,NA,NA,NA,NA,2010-07-06 10:43:55,0.0
2010-07-07 09:00:00,DCNN,1649,24,1,DLY3208,253,1011,17.8,13.5,11.5,NA,6,6,6,NA,NA,NA,NA,NA,2010-07-12 12:59:19,0.0
2010-07-08 09:00:00,DCNN,1649,24,1,DLY3208,253,1011,20.2,12.3,10.8,NA,6,6,6,NA,NA,NA,NA,NA,2010-07-12 13:02:50,0.0
2010-07-09 09:00:00,DCNN,1649,24,1,DLY3208,253,1011,20.1,13.6,10.6,NA,6,6,6,NA,NA,NA,NA,NA,2010-07-12 13:22:42,0.0
2010-07-10 09:00:00,DCNN,1649,24,1,DLY3208,253,1011,21.3,10.9,11.0,NA,6,6,6,NA,NA,NA,NA,NA,2010-07-12 13:26:45,0.0
2010-07-11 09:00:00,DCNN,1649,24,1,DLY3208,253,1011,17.9,12.2,12.5,NA,6,6,6,NA,NA,NA,NA,NA,2010-07-12 13:29:39,0.0
2010-07-12 09:00:00,DCNN,1649,24,1,DLY3208,253,1011,16.8,10.0,7.5,NA,6,6,6,NA,NA,NA,NA,NA,2010-07-12 13:35:11,0.0
2010-07-13 09:00:00,DCNN,1649,24,1,DLY3208,253,1011,19.5,8.2,4.5,NA,6,6,6,NA,NA,NA,NA,NA,2010-07-14 10:51:58,0.0
2010-07-14 09:00:00,DCNN,1649,24,1,DLY3208,253,1011,18.2,11.6,10.9,NA,6,6,6,NA,NA,NA,NA,NA,2010-07-15 10:04:14,0.0
2010-07-15 09:00:00,DCNN,1649,24,1,DLY3208,253,1011,14.9,11.6,12.0,NA,6,6,6,NA,NA,NA,NA,NA,2010-07-15 10:07:10,0.0
2010-07-16 09:00:00,DCNN,1649,24,1,DLY3208,253,1011,18.7,12.2,9.4,NA,6,6,6,NA,NA,NA,NA,NA,2010-07-16 12:53:30,0.0
2010-07-17 09:00:00,DCNN,1649,24,1,DLY3208,253,1011,16.8,12.1,8.6,NA,6,6,6,NA,NA,NA,NA,NA,2010-07-23 10:19:32,0.0
2010-07-18 09:00:00,DCNN,1649,24,1,DLY3208,253,1011,18.6,12.4,7.7,NA,6,6,6,NA,NA,NA,NA,NA,2010-07-23 10:26:10,0.0
2010-07-19 09:00:00,DCNN,1649,24,1,DLY3208,253,1011,22.3,14.1,9.9,NA,6,6,6,NA,NA,NA,NA,NA,2010-07-23 10:29:50,0.0
2010-07-20 09:00:00,DCNN,1649,24,1,DLY3208,253,1011,19.6,12.6,8.0,NA,6,6,6,NA,NA,NA,NA,NA,2010-07-23 10:35:23,0.0
2010-07-21 09:00:00,DCNN,1649,24,1,DLY3208,253,1011,21.4,14.3,14.1,NA,6,6,6,NA,NA,NA,NA,NA,2010-07-23 10:37:40,0.0
2010-07-22 09:00:00,DCNN,1649,24,1,DLY3208,253,1011,16.0,10.9,10.5,NA,6,6,6,NA,NA,NA,NA,NA,2010-07-23 10:39:17,0.0
2010-07-23 09:00:00,DCNN,1649,24,1,DLY3208,253,1011,15.9,8.8,6.0,NA,6,6,6,NA,NA,NA,NA,NA,2010-07-23 10:41:24,0.0
2010-07-24 09:00:00,DCNN,1649,24,1,DLY3208,253,1011,20.0,6.7,2.1,NA,6,6,6,NA,NA,NA,NA,NA,2010-07-30 07:50:58,0.0
2010-07-25 09:00:00,DCNN,1649,24,1,DLY3208,253,1011,19.4,13.7,11.6,NA,6,6,6,NA,NA,NA,NA,NA,2010-07-30 07:58:27,0.0
2010-07-26 09:00:00,DCNN,1649,24,1,DLY3208,253,1022,20.7,10.5,7.4,NA,6,2006,6,NA,NA,NA,NA,NA,2010-09-14 11:45:00,0.0
2010-07-27 09:00:00,DCNN,1649,24,1,DLY3208,253,1011,20.5,14.1,11.1,NA,6,6,6,NA,NA,NA,NA,NA,2010-07-30 10:26:46,0.0
2010-07-28 09:00:00,DCNN,1649,24,1,DLY3208,253,1011,19.8,12.5,8.6,NA,6,6,6,NA,NA,NA,NA,NA,2010-07-30 10:29:05,0.0
2010-07-29 09:00:00,DCNN,1649,24,1,DLY3208,253,1011,19.7,12.1,8.4,NA,6,6,6,NA,NA,NA,NA,NA,2010-07-30 10:31:29,0.0
2010-07-30 09:00:00,DCNN,1649,24,1,DLY3208,253,1011,19.6,11.0,7.0,NA,6,6,6,NA,NA,NA,NA,NA,2010-07-30 10:33:03,0.0
2010-07-31 09:00:00,DCNN,1649,24,1,DLY3208,253,1011,19.4,13.1,10.0,NA,6,6,6,NA,NA,NA,NA,NA,2010-08-02 10:50:41,0.0
2010-08-01 09:00:00,DCNN,1649,24,1,DLY3208,253,1011,18.5,12.9,10.6,NA,6,6,6,NA,NA,NA,NA,NA,2010-08-02 10:53:36,0.0
2010-08-02 09:00:00,DCNN,1649,24,1,DLY3208,253,1011,20.7,12.5,11.8,NA,6,6,6,NA,NA,NA,NA,NA,2010-08-02 10:55:11,0.0
2010-08-03 09:00:00,DCNN,1649,24,1,DLY3208,253,1011,17.9,12.3,10.2,NA,6,6,6,NA,NA,NA,NA,NA,2010-08-03 12:06:11,0.0
2010-08-04 09:00:00,DCNN,1649,24,1,DLY3208,253,1011,19.9,12.0,11.2,NA,6,6,6,NA,NA,NA,NA,NA,2010-08-06 11:51:30,0.0
2010-08-05 09:00:00,DCNN,1649,24,1,DLY3208,253,1011,19.6,10.3,7.2,NA,6,6,6,NA,NA,NA,NA,NA,2010-08-06 11:54:38,0.0
2010-08-06 09:00:00,DCNN,1649,24,1,DLY3208,253,1011,19.4,10.9,8.9,NA,6,6,6,NA,NA,NA,NA,NA,2010-08-06 11:57:52,0.0
2010-08-07 09:00:00,DCNN,1649,24,1,DLY3208,253,1011,20.1,13.9,12.3,NA,6,6,6,NA,NA,NA,NA,NA,2010-08-10 07:31:38,0.0
2010-08-08 09:00:00,DCNN,1649,24,1,DLY3208,253,1011,20.9,14.5,12.8,NA,6,6,6,NA,NA,NA,NA,NA,2010-08-10 07:34:20,0.0
2010-08-09 09:00:00,DCNN,1649,24,1,DLY3208,253,1011,19.9,12.6,9.1,NA,6,6,6,NA,NA,NA,NA,NA,2010-08-10 07:37:08,0.0
2010-08-10 09:00:00,DCNN,1649,24,1,DLY3208,253,1011,20.8,9.7,6.7,NA,6,6,6,NA,NA,NA,NA,NA,2010-08-17 09:24:57,0.0
2010-08-11 09:00:00,DCNN,1649,24,1,DLY3208,253,1011,17.9,10.5,7.6,NA,6,6,6,NA,NA,NA,NA,NA,2010-08-17 09:30:44,0.0
2010-08-12 09:00:00,DCNN,1649,24,1,DLY3208,253,1011,18.5,11.5,8.5,NA,6,6,6,NA,NA,NA,NA,NA,2010-08-17 09:41:35,0.0
2010-08-13 09:00:00,DCNN,1649,24,1,DLY3208,253,1011,19.0,10.5,9.9,NA,6,6,6,NA,NA,NA,NA,NA,2010-08-17 09:44:21,0.0
2010-08-14 09:00:00,DCNN,1649,24,1,DLY3208,253,1011,18.7,11.6,8.4,NA,6,6,6,NA,NA,NA,NA,NA,2010-08-17 09:46:40,0.0
2010-08-15 09:00:00,DCNN,1649,24,1,DLY3208,253,1011,17.5,9.1,4.6,NA,6,6,6,NA,NA,NA,NA,NA,2010-08-17 09:55:33,0.0
2010-08-16 09:00:00,DCNN,1649,24,1,DLY3208,253,1011,21.0,9.4,5.1,NA,6,6,6,NA,NA,NA,NA,NA,2010-08-17 09:53:58,0.0
2010-08-17 09:00:00,DCNN,1649,24,1,DLY3208,253,1011,17.4,13.4,13.0,NA,6,6,6,NA,NA,NA,NA,NA,2010-08-19 14:33:24,0.0
2010-08-18 09:00:00,DCNN,1649,24,1,DLY3208,253,1011,21.0,9.3,5.6,NA,6,6,6,NA,NA,NA,NA,NA,2010-08-19 14:35:24,0.0
2010-08-19 09:00:00,DCNN,1649,24,1,DLY3208,253,1011,18.4,8.2,4.6,NA,6,6,6,NA,NA,NA,NA,NA,2010-08-19 14:37:21,0.0
2010-08-20 09:00:00,DCNN,1649,24,1,DLY3208,253,1011,20.0,13.2,11.2,NA,6,6,6,NA,NA,NA,NA,NA,2010-08-23 10:54:44,0.0
2010-08-21 09:00:00,DCNN,1649,24,1,DLY3208,253,1011,23.0,13.3,10.6,NA,6,6,6,NA,NA,NA,NA,NA,2010-08-23 10:57:17,0.0
2010-08-22 09:00:00,DCNN,1649,24,1,DLY3208,253,1011,19.6,11.0,8.1,NA,6,6,6,NA,NA,NA,NA,NA,2010-08-23 11:50:03,0.0
2010-08-23 09:00:00,DCNN,1649,24,1,DLY3208,253,1011,19.1,9.0,5.6,NA,6,6,6,NA,NA,NA,NA,NA,2010-08-23 11:52:37,0.0
2010-08-24 09:00:00,DCNN,1649,24,1,DLY3208,253,1011,15.0,11.1,9.6,NA,6,6,6,NA,NA,NA,NA,NA,2010-08-24 10:13:44,0.0
2010-08-25 09:00:00,DCNN,1649,24,1,DLY3208,253,1011,16.6,9.7,6.8,NA,6,6,6,NA,NA,NA,NA,NA,2010-08-25 10:53:39,0.0
2010-08-26 09:00:00,DCNN,1649,24,1,DLY3208,253,1011,18.7,8.4,6.5,NA,6,6,6,NA,NA,NA,NA,NA,2010-08-26 10:20:07,0.0
2010-08-27 09:00:00,DCNN,1649,24,1,DLY3208,253,1011,16.9,8.0,3.6,NA,6,6,6,NA,NA,NA,NA,NA,2010-08-27 09:33:50,0.0
2010-08-28 09:00:00,DCNN,1649,24,1,DLY3208,253,1011,18.6,10.4,7.0,NA,6,6,6,NA,NA,NA,NA,NA,2010-08-31 13:42:57,0.0
2010-08-29 09:00:00,DCNN,1649,24,1,DLY3208,253,1011,18.8,11.8,7.5,NA,6,6,6,NA,NA,NA,NA,NA,2010-08-31 13:46:19,0.0
2010-08-30 09:00:00,DCNN,1649,24,1,DLY3208,253,1011,16.4,5.3,-0.5,NA,6,6,6,NA,NA,NA,NA,NA,2010-08-31 13:49:28,0.0
2010-08-31 09:00:00,DCNN,1649,24,1,DLY3208,253,1011,17.2,4.9,0.3,NA,6,6,6,NA,NA,NA,NA,NA,2010-08-31 13:51:31,0.0
2010-09-01 09:00:00,DCNN,1649,24,1,DLY3208,253,1011,19.2,6.3,2.0,NA,6,6,6,NA,NA,NA,NA,NA,2010-09-01 09:54:56,0.0
2010-09-02 09:00:00,DCNN,1649,24,1,DLY3208,253,1011,17.7,12.4,10.7,NA,6,6,6,NA,NA,NA,NA,NA,2010-09-03 09:55:28,0.0
2010-09-03 09:00:00,DCNN,1649,24,1,DLY3208,253,1011,17.0,9.1,4.5,NA,6,6,6,NA,NA,NA,NA,NA,2010-09-03 09:57:00,0.0
2010-09-04 09:00:00,DCNN,1649,24,1,DLY3208,253,1011,18.4,10.4,6.2,NA,6,6,6,NA,NA,NA,NA,NA,2010-09-06 13:45:31,0.0
2010-09-05 09:00:00,DCNN,1649,24,1,DLY3208,253,1011,21.4,13.6,10.6,NA,6,6,6,NA,NA,NA,NA,NA,2010-09-06 13:51:34,0.0
2010-09-06 09:00:00,DCNN,1649,24,1,DLY3208,253,1011,19.7,12.0,11.5,NA,6,6,6,NA,NA,NA,NA,NA,2010-09-06 14:13:48,0.0
2010-09-07 09:00:00,DCNN,1649,24,1,DLY3208,253,1011,18.8,12.2,11.4,NA,6,6,6,NA,NA,NA,NA,NA,2010-09-07 10:21:14,0.0
2010-09-08 09:00:00,DCNN,1649,24,1,DLY3208,253,1011,17.6,9.9,6.5,NA,6,6,6,NA,NA,NA,NA,NA,2010-09-13 10:54:27,0.0
2010-09-09 09:00:00,DCNN,1649,24,1,DLY3208,253,1011,18.6,12.6,10.1,NA,6,6,6,NA,NA,NA,NA,NA,2010-09-13 11:57:58,0.0
2010-09-10 09:00:00,DCNN,1649,24,1,DLY3208,253,1011,20.4,10.3,6.1,NA,6,6,6,NA,NA,NA,NA,NA,2010-09-13 12:10:35,0.0
2010-09-11 09:00:00,DCNN,1649,24,1,DLY3208,253,1011,19.1,10.1,6.0,NA,6,6,6,NA,NA,NA,NA,NA,2010-09-13 12:13:17,0.0
2010-09-12 09:00:00,DCNN,1649,24,1,DLY3208,253,1011,18.4,11.4,7.4,NA,6,6,6,NA,NA,NA,NA,NA,2010-09-13 12:15:49,0.0
2010-09-13 09:00:00,DCNN,1649,24,1,DLY3208,253,1011,18.6,12.4,11.4,NA,6,6,6,NA,NA,NA,NA,NA,2010-09-13 12:18:14,0.0
2010-09-14 09:00:00,DCNN,1649,24,1,DLY3208,253,1011,18.6,12.4,9.5,NA,6,6,6,NA,NA,NA,NA,NA,2010-09-17 09:37:10,0.0
2010-09-15 09:00:00,DCNN,1649,24,1,DLY3208,253,1011,15.9,8.2,5.6,NA,6,6,6,NA,NA,NA,NA,NA,2010-09-23 09:12:13,0.0
2010-09-16 09:00:00,DCNN,1649,24,1,DLY3208,253,1011,17.5,9.2,5.4,NA,6,6,6,NA,NA,NA,NA,NA,2010-09-23 09:14:18,0.0
2010-09-17 09:00:00,DCNN,1649,24,1,DLY3208,253,1011,16.1,7.1,2.1,NA,6,6,6,NA,NA,NA,NA,NA,2010-09-23 09:16:10,0.0
2010-09-18 09:00:00,DCNN,1649,24,1,DLY3208,253,1011,15.6,9.4,6.0,NA,6,6,6,NA,NA,NA,NA,NA,2010-09-23 09:18:26,0.0
2010-09-19 09:00:00,DCNN,1649,24,1,DLY3208,253,1011,16.5,10.5,8.7,NA,6,6,6,NA,NA,NA,NA,NA,2010-09-23 09:21:10,0.0
2010-09-20 09:00:00,DCNN,1649,24,1,DLY3208,253,1022,15.6,11.4,10.0,NA,6,2006,6,NA,NA,NA,NA,NA,2010-09-24 09:38:00,0.0
2010-09-21 09:00:00,DCNN,1649,24,1,DLY3208,253,1011,19.0,8.8,4.7,NA,6,6,6,NA,NA,NA,NA,NA,2010-09-28 09:13:25,0.0
2010-09-22 09:00:00,DCNN,1649,24,1,DLY3208,253,1011,19.2,12.3,8.5,NA,6,6,6,NA,NA,NA,NA,NA,2010-09-28 09:16:00,0.0
2010-09-23 09:00:00,DCNN,1649,24,1,DLY3208,253,1011,18.3,12.7,10.5,NA,6,6,6,NA,NA,NA,NA,NA,2010-09-28 09:18:16,0.0
2010-09-24 09:00:00,DCNN,1649,24,1,DLY3208,253,1011,13.6,8.4,5.0,NA,6,6,6,NA,NA,NA,NA,NA,2010-09-28 09:21:03,0.0
2010-09-25 09:00:00,DCNN,1649,24,1,DLY3208,253,1011,12.9,4.2,-0.7,NA,6,6,6,NA,NA,NA,NA,NA,2010-09-29 12:25:35,0.0
2010-09-26 09:00:00,DCNN,1649,24,1,DLY3208,253,1011,13.8,2.3,-1.8,NA,6,6,6,NA,NA,NA,NA,NA,2010-09-29 12:35:00,0.0
2010-09-27 09:00:00,DCNN,1649,24,1,DLY3208,253,1011,13.5,4.6,0.1,NA,6,6,6,NA,NA,NA,NA,NA,2010-09-29 12:37:19,0.0
2010-09-28 09:00:00,DCNN,1649,24,1,DLY3208,253,1011,12.4,11.0,10.4,NA,6,6,6,NA,NA,NA,NA,NA,2010-09-29 12:40:30,0.0
2010-09-29 09:00:00,DCNN,1649,24,1,DLY3208,253,1011,15.9,12.3,11.3,NA,6,6,6,NA,NA,NA,NA,NA,2010-09-29 12:43:43,0.0
2010-09-30 09:00:00,DCNN,1649,24,1,DLY3208,253,1011,14.9,4.4,1.1,NA,6,6,6,NA,NA,NA,NA,NA,2010-10-01 07:36:01,0.0
2010-10-01 09:00:00,DCNN,1649,24,1,DLY3208,253,1011,14.1,8.5,4.0,NA,6,6,6,NA,NA,NA,NA,NA,2010-10-01 10:02:45,0.0
2010-10-02 09:00:00,DCNN,1649,24,1,DLY3208,253,1011,14.7,5.0,0.9,NA,6,6,6,NA,NA,NA,NA,NA,2010-10-07 14:36:18,0.0
2010-10-03 09:00:00,DCNN,1649,24,1,DLY3208,253,1011,15.9,9.8,7.6,NA,6,6,6,NA,NA,NA,NA,NA,2010-10-07 14:39:00,0.0
2010-10-04 09:00:00,DCNN,1649,24,1,DLY3208,253,1011,15.4,6.0,1.7,NA,6,6,6,NA,NA,NA,NA,NA,2010-10-07 14:41:06,0.0
2010-10-05 09:00:00,DCNN,1649,24,1,DLY3208,253,1011,17.2,12.3,6.8,NA,6,6,6,NA,NA,NA,NA,NA,2010-10-07 14:43:35,0.0
2010-10-06 09:00:00,DCNN,1649,24,1,DLY3208,253,1011,17.0,9.4,3.5,NA,6,6,6,NA,NA,NA,NA,NA,2010-10-07 14:50:17,0.0
2010-10-07 09:00:00,DCNN,1649,24,1,DLY3208,253,1011,14.9,6.6,1.6,NA,6,6,6,NA,NA,NA,NA,NA,2010-10-13 07:01:49,0.0
2010-10-08 09:00:00,DCNN,1649,24,1,DLY3208,253,1011,18.5,7.6,2.7,NA,6,6,6,NA,NA,NA,NA,NA,2010-10-13 07:04:14,0.0
2010-10-09 09:00:00,DCNN,1649,24,1,DLY3208,253,1011,14.9,12.5,12.0,NA,6,6,6,NA,NA,NA,NA,NA,2010-10-13 07:05:56,0.0
2010-10-10 09:00:00,DCNN,1649,24,1,DLY3208,253,1011,13.9,11.7,10.6,NA,6,6,6,NA,NA,NA,NA,NA,2010-10-13 07:08:40,0.0
2010-10-11 09:00:00,DCNN,1649,24,1,DLY3208,253,1011,12.5,10.5,9.3,NA,6,6,6,NA,NA,NA,NA,NA,2010-10-13 07:10:21,0.0
2010-10-12 09:00:00,DCNN,1649,24,1,DLY3208,253,1011,12.1,4.2,-0.6,NA,6,6,6,NA,NA,NA,NA,NA,2010-10-13 07:13:22,0.0
2010-10-13 09:00:00,DCNN,1649,24,1,DLY3208,253,1011,10.4,7.1,7.0,NA,6,6,6,NA,NA,NA,NA,NA,2010-10-15 10:31:47,0.0
2010-10-14 09:00:00,DCNN,1649,24,1,DLY3208,253,1011,9.8,7.3,7.1,NA,6,6,6,NA,NA,NA,NA,NA,2010-10-15 10:35:09,0.0
2010-10-15 09:00:00,DCNN,1649,24,1,DLY3208,253,1011,14.5,9.6,6.6,NA,6,6,6,NA,NA,NA,NA,NA,2010-10-15 10:37:00,0.0
2010-10-16 09:00:00,DCNN,1649,24,1,DLY3208,253,1011,11.9,3.9,1.9,NA,6,6,6,NA,NA,NA,NA,NA,2010-10-20 13:31:04,0.0
2010-10-17 09:00:00,DCNN,1649,24,1,DLY3208,253,1022,11.8,6.1,1.3,NA,2006,6,6,NA,NA,NA,NA,NA,2010-12-17 09:33:00,0.0
2010-10-18 09:00:00,DCNN,1649,24,1,DLY3208,253,1011,13.2,10.0,8.0,NA,6,6,6,NA,NA,NA,NA,NA,2010-10-20 13:39:20,0.0
2010-10-19 09:00:00,DCNN,1649,24,1,DLY3208,253,1011,12.1,4.5,0.5,NA,6,6,6,NA,NA,NA,NA,NA,2010-10-20 13:42:29,0.0
2010-10-20 09:00:00,DCNN,1649,24,1,DLY3208,253,1011,9.9,0.1,-3.0,NA,6,6,6,NA,NA,NA,NA,NA,2010-10-20 13:45:25,0.0
2010-10-21 09:00:00,DCNN,1649,24,1,DLY3208,253,1022,9.0,2.6,1.0,NA,6,2006,6,NA,NA,NA,NA,NA,2010-12-17 09:33:00,0.0
2010-10-22 09:00:00,DCNN,1649,24,1,DLY3208,253,1011,13.1,7.6,6.0,NA,6,6,6,NA,NA,NA,NA,NA,2010-10-25 12:22:47,0.0
2010-10-23 09:00:00,DCNN,1649,24,1,DLY3208,253,1011,11.9,5.4,5.0,NA,6,6,6,NA,NA,NA,NA,NA,2010-10-25 10:52:48,0.0
2010-10-24 09:00:00,DCNN,1649,24,1,DLY3208,253,1011,9.0,0.5,-3.2,NA,6,6,6,NA,NA,NA,NA,NA,2010-10-25 10:59:16,0.0
2010-10-25 09:00:00,DCNN,1649,24,1,DLY3208,253,1022,9.1,-2.2,-9.1,NA,6,6,2006,NA,NA,NA,NA,NA,2010-12-17 09:33:00,0.0
2010-10-26 09:00:00,DCNN,1649,24,1,DLY3208,253,1011,12.0,4.2,-1.3,NA,6,6,6,NA,NA,NA,NA,NA,2010-10-27 07:06:30,0.0
2010-10-27 09:00:00,DCNN,1649,24,1,DLY3208,253,1011,16.1,10.9,7.5,NA,6,6,6,NA,NA,NA,NA,NA,2010-11-01 13:13:20,0.0
2010-10-28 09:00:00,DCNN,1649,24,1,DLY3208,253,1011,13.1,7.9,3.7,NA,6,6,6,NA,NA,NA,NA,NA,2010-11-01 13:15:58,0.0
2010-10-29 09:00:00,DCNN,1649,24,1,DLY3208,253,1022,15.6,9.1,6.0,NA,6,2006,6,NA,NA,NA,NA,NA,2010-11-02 08:03:00,0.0
2010-10-30 09:00:00,DCNN,1649,24,1,DLY3208,253,1011,15.3,7.2,3.2,NA,6,6,6,NA,NA,NA,NA,NA,2010-11-01 13:22:40,0.0
2010-10-31 09:00:00,DCNN,1649,24,1,DLY3208,253,1011,12.7,2.3,-1.1,NA,6,6,6,NA,NA,NA,NA,NA,2010-11-03 10:59:24,0.0
2010-11-01 09:00:00,DCNN,1649,24,1,DLY3208,253,1011,12.3,1.1,-1.9,NA,6,6,6,NA,NA,NA,NA,NA,2010-11-03 11:02:18,0.0
2010-11-02 09:00:00,DCNN,1649,24,1,DLY3208,253,1011,12.7,3.5,-0.7,NA,6,6,6,NA,NA,NA,NA,NA,2010-11-03 11:09:33,0.0
2010-11-03 09:00:00,DCNN,1649,24,1,DLY3208,253,1011,12.4,6.1,4.0,NA,6,6,6,NA,NA,NA,NA,NA,2010-11-03 11:16:24,0.0
2010-11-04 09:00:00,DCNN,1649,24,1,DLY3208,253,1011,10.7,7.1,4.9,NA,6,6,6,NA,NA,NA,NA,NA,2010-11-04 11:40:51,0.0
2010-11-05 09:00:00,DCNN,1649,24,1,DLY3208,253,1011,13.9,8.1,6.0,NA,6,6,6,NA,NA,NA,NA,NA,2010-11-09 10:30:59,0.0
2010-11-06 09:00:00,DCNN,1649,24,1,DLY3208,253,1022,11.4,0.1,-1.4,NA,6,6,6,NA,NA,NA,NA,NA,2010-11-10 11:13:40,0.0
2010-11-07 09:00:00,DCNN,1649,24,1,DLY3208,253,1011,8.1,1.1,-1.9,NA,6,6,6,NA,NA,NA,NA,NA,2010-11-09 10:38:31,0.0
2010-11-08 09:00:00,DCNN,1649,24,1,DLY3208,253,1011,7.5,1.6,-0.1,NA,6,6,6,NA,NA,NA,NA,NA,2010-11-09 10:43:45,0.0
2010-11-09 09:00:00,DCNN,1649,24,1,DLY3208,253,1011,8.7,5.2,3.8,NA,6,6,6,NA,NA,NA,NA,NA,2010-11-10 11:26:54,0.0
2010-11-10 09:00:00,DCNN,1649,24,1,DLY3208,253,1011,8.1,-1.5,-2.2,NA,6,6,6,NA,NA,NA,NA,NA,2010-11-10 11:29:48,0.0
2010-11-11 09:00:00,DCNN,1649,24,1,DLY3208,253,1011,8.2,-0.3,-4.1,NA,6,6,6,NA,NA,NA,NA,NA,2010-11-12 08:09:41,0.0
2010-11-12 09:00:00,DCNN,1649,24,1,DLY3208,253,1011,10.0,7.1,3.9,NA,6,6,6,NA,NA,NA,NA,NA,2010-11-17 13:11:19,0.0
2010-11-13 09:00:00,DCNN,1649,24,1,DLY3208,253,1011,10.3,5.6,2.1,NA,6,6,6,NA,NA,NA,NA,NA,2010-11-17 13:14:00,0.0
2010-11-14 09:00:00,DCNN,1649,24,1,DLY3208,253,1011,9.5,2.6,-1.7,NA,6,6,6,NA,NA,NA,NA,NA,2010-11-17 13:19:52,0.0
2010-11-15 09:00:00,DCNN,1649,24,1,DLY3208,253,1011,6.0,-2.4,-4.6,NA,6,6,6,NA,NA,NA,NA,NA,2010-11-17 13:23:35,0.0
2010-11-16 09:00:00,DCNN,1649,24,1,DLY3208,253,1022,7.9,-2.2,-5.0,NA,6,2006,6,NA,NA,NA,NA,NA,2010-11-18 09:25:00,0.0
2010-11-17 09:00:00,DCNN,1649,24,1,DLY3208,253,1011,7.0,0.2,-1.5,NA,6,6,6,NA,NA,NA,NA,NA,2010-11-17 13:35:48,0.0
2010-11-18 09:00:00,DCNN,1649,24,1,DLY3208,253,1011,7.8,6.1,3.5,NA,6,6,6,NA,NA,NA,NA,NA,2010-11-19 10:45:21,0.0
2010-11-19 09:00:00,DCNN,1649,24,1,DLY3208,253,1011,8.7,3.1,-1.9,NA,6,6,6,NA,NA,NA,NA,NA,2010-11-19 10:46:47,0.0
2010-11-20 09:00:00,DCNN,1649,24,1,DLY3208,253,1022,7.9,3.1,-1.6,NA,6,2006,6,NA,NA,NA,NA,NA,2010-11-23 09:26:00,0.0
2010-11-21 09:00:00,DCNN,1649,24,1,DLY3208,253,1022,7.4,3.4,-1.1,NA,2006,6,6,NA,NA,NA,NA,NA,2010-11-23 09:27:00,0.0
2010-11-22 09:00:00,DCNN,1649,24,1,DLY3208,253,1011,6.0,3.9,-0.5,NA,6,6,6,NA,NA,NA,NA,NA,2010-11-22 14:06:53,0.0
2010-11-23 09:00:00,DCNN,1649,24,1,DLY3208,253,1011,7.0,2.1,-1.7,NA,6,6,6,NA,NA,NA,NA,NA,2010-11-26 08:35:30,0.0
2010-11-24 09:00:00,DCNN,1649,24,1,DLY3208,253,1011,6.9,1.2,-0.5,NA,6,6,6,NA,NA,NA,NA,NA,2010-11-26 08:37:32,0.0
2010-11-25 09:00:00,DCNN,1649,24,1,DLY3208,253,1011,4.6,0.8,-3.2,NA,6,6,6,NA,NA,NA,NA,NA,2010-11-26 08:40:04,0.0
2010-11-26 09:00:00,DCNN,1649,24,1,DLY3208,253,1011,3.6,-1.9,-5.4,NA,6,6,6,NA,NA,NA,NA,NA,2010-12-01 11:06:36,0.0
2010-11-27 09:00:00,DCNN,1649,24,1,DLY3208,253,1011,4.1,-1.5,-5.5,NA,6,6,6,NA,NA,NA,NA,NA,2010-12-01 11:10:00,0.0
2010-11-28 09:00:00,DCNN,1649,24,1,DLY3208,253,1011,1.5,-2.6,-6.1,NA,6,6,6,NA,NA,NA,NA,NA,2010-12-01 11:13:36,0.0
2010-11-29 09:00:00,DCNN,1649,24,1,DLY3208,253,1011,4.0,-2.9,-5.1,NA,6,6,6,NA,NA,NA,NA,NA,2010-12-01 11:17:04,0.0
2010-11-30 09:00:00,DCNN,1649,24,1,DLY3208,253,1011,2.0,-0.2,-1.4,NA,6,6,6,NA,NA,NA,NA,NA,2010-12-01 11:20:15,0.0
2010-12-01 09:00:00,DCNN,1649,24,1,DLY3208,253,1022,2.1,-3.1,NA,NA,6,6,NA,NA,NA,NA,NA,NA,2011-03-03 14:06:00,0.0
2010-12-02 09:00:00,DCNN,1649,24,1,DLY3208,253,1011,1.2,-1.9,-6.7,NA,6,6,6,NA,NA,NA,NA,NA,2010-12-06 08:21:54,0.0
2010-12-03 09:00:00,DCNN,1649,24,1,DLY3208,253,1011,0.3,-10.1,-11.5,NA,6,6,6,NA,NA,NA,NA,NA,2010-12-06 08:24:47,0.0
2010-12-04 09:00:00,DCNN,1649,24,1,DLY3208,253,1022,2.7,-5.0,-7.5,NA,6,2006,6,NA,NA,NA,NA,NA,2011-03-04 09:11:00,0.0
2010-12-05 09:00:00,DCNN,1649,24,1,DLY3208,253,1011,3.5,-2.1,-6.1,NA,6,6,6,NA,NA,NA,NA,NA,2010-12-06 08:30:46,0.0
2010-12-06 09:00:00,DCNN,1649,24,1,DLY3208,253,1011,2.2,-5.6,-7.1,NA,6,6,6,NA,NA,NA,NA,NA,2010-12-09 11:08:15,0.0
2010-12-07 09:00:00,DCNN,1649,24,1,DLY3208,253,1011,1.0,-8.3,-11.9,NA,6,6,6,NA,NA,NA,NA,NA,2010-12-09 11:11:25,0.0
2010-12-08 09:00:00,DCNN,1649,24,1,DLY3208,253,1011,-2.5,-9.2,-14.1,NA,6,6,6,NA,NA,NA,NA,NA,2010-12-09 11:13:40,0.0
2010-12-09 09:00:00,DCNN,1649,24,1,DLY3208,253,1022,2.0,-8.1,NA,NA,6,6,NA,NA,NA,NA,NA,NA,2011-03-03 10:52:00,0.0
2010-12-10 09:00:00,DCNN,1649,24,1,DLY3208,253,1022,6.6,1.6,-0.6,NA,6,2006,6,NA,NA,NA,NA,NA,2011-03-03 14:08:00,0.0
2010-12-11 09:00:00,DCNN,1649,24,1,DLY3208,253,1011,7.8,5.4,0.4,NA,6,6,6,NA,NA,NA,NA,NA,2010-12-15 08:08:21,0.0
2010-12-12 09:00:00,DCNN,1649,24,1,DLY3208,253,1011,6.2,-1.9,-5.6,NA,6,6,6,NA,NA,NA,NA,NA,2010-12-15 08:10:33,0.0
2010-12-13 09:00:00,DCNN,1649,24,1,DLY3208,253,1011,3.4,-2.4,-5.5,NA,6,6,6,NA,NA,NA,NA,NA,2010-12-15 08:13:00,0.0
2010-12-14 09:00:00,DCNN,1649,24,1,DLY3208,253,1011,2.9,-1.9,-2.9,NA,6,6,6,NA,NA,NA,NA,NA,2010-12-15 08:14:52,0.0
2010-12-15 09:00:00,DCNN,1649,24,1,DLY3208,253,1011,4.6,-1.8,-5.2,NA,6,6,6,NA,NA,NA,NA,NA,2010-12-20 13:01:44,0.0
2010-12-16 09:00:00,DCNN,1649,24,1,DLY3208,253,1022,8.1,-1.5,NA,NA,6,6,NA,NA,NA,NA,NA,NA,2010-12-20 13:05:08,0.0
2010-12-17 09:00:00,DCNN,1649,24,1,DLY3208,253,1011,1.5,-4.2,-6.5,NA,6,6,6,NA,NA,NA,NA,NA,2010-12-20 13:13:18,0.0
2010-12-18 09:00:00,DCNN,1649,24,1,DLY3208,253,1011,1.5,-4.2,-6.5,NA,6,6,6,NA,NA,NA,NA,NA,2010-12-20 13:12:02,0.0
2010-12-19 09:00:00,DCNN,1649,24,1,DLY3208,253,1011,0.0,-6.1,-7.1,NA,6,6,6,NA,NA,NA,NA,NA,2010-12-20 13:18:57,0.0
2010-12-20 09:00:00,DCNN,1649,24,1,DLY3208,253,1011,0.6,-7.1,-10.6,NA,6,6,6,NA,NA,NA,NA,NA,2010-12-20 13:22:16,0.0
2010-12-21 09:00:00,DCNN,1649,24,1,DLY3208,253,1011,-2.9,-9.6,-10.6,NA,6,6,6,NA,NA,NA,NA,NA,2010-12-21 13:42:26,0.0
2010-12-22 09:00:00,DCNN,1649,24,1,DLY3208,253,1022,-3.4,-8.7,-10.9,NA,6,2006,6,NA,NA,NA,NA,NA,2011-03-03 14:10:00,0.0
2010-12-23 09:00:00,DCNN,1649,24,1,DLY3208,253,1022,-2.1,-7.5,-7.6,NA,6,6,6,NA,NA,NA,NA,NA,2011-01-05 13:55:21,0.0
2010-12-24 09:00:00,DCNN,1649,24,1,DLY3208,253,1011,-0.5,-7.0,-9.2,NA,6,6,6,NA,NA,NA,NA,NA,2011-01-05 14:00:42,0.0
2010-12-25 09:00:00,DCNN,1649,24,1,DLY3208,253,1011,-0.8,-7.9,-8.0,NA,6,6,6,NA,NA,NA,NA,NA,2011-01-05 14:04:36,0.0
2010-12-26 09:00:00,DCNN,1649,24,1,DLY3208,253,1011,2.8,-3.4,-6.7,NA,6,6,6,NA,NA,NA,NA,NA,2011-01-06 07:46:28,0.0
2010-12-27 09:00:00,DCNN,1649,24,1,DLY3208,253,1011,3.1,-2.3,-2.6,NA,6,6,6,NA,NA,NA,NA,NA,2011-01-06 07:49:57,0.0
2010-12-28 09:00:00,DCNN,1649,24,1,DLY3208,253,1011,2.9,1.9,-2.7,NA,6,6,6,NA,NA,NA,NA,NA,2011-01-06 07:53:10,0.0
2010-12-29 09:00:00,DCNN,1649,24,1,DLY3208,253,1011,3.4,2.1,-4.1,NA,6,6,6,NA,NA,NA,NA,NA,2011-01-06 07:56:03,0.0
2010-12-30 09:00:00,DCNN,1649,24,1,DLY3208,253,1011,4.9,2.9,-0.7,NA,6,6,6,NA,NA,NA,NA,NA,2011-01-06 07:58:51,0.0
2010-12-31 09:00:00,DCNN,1649,24,1,DLY3208,253,1011,5.7,2.5,-1.7,NA,6,6,6,NA,NA,NA,NA,NA,2011-01-06 08:01:17,0.0
end data
